<?xml version="1.0" encoding="UTF-8"?>
<project-private xmlns="http://www.netbeans.org/ns/project-private/1">
    <editor-bookmarks xmlns="http://www.netbeans.org/ns/editor-bookmarks/2" lastBookmarkId="0"/>
    <open-files xmlns="http://www.netbeans.org/ns/projectui-open-files/2">
        <group>
            <file>file:/C:/Users/Landon/Desktop/School%20Stuff/Devry%20Schoolwork/Business%20Application%20Programming/CIS355A%20Week%202/src/HealthProfile.java</file>
            <file>file:/C:/Users/Landon/Desktop/School%20Stuff/Devry%20Schoolwork/Business%20Application%20Programming/CIS355A%20Week%202/src/HealthProfileGUI.java</file>
        </group>
    </open-files>
</project-private>
